{"cameraMode":{"drawMode":0,"name":"Shaded","section":"Shading Mode"},"sceneLighting":false,"audioPlay":false,"sceneViewState":{"m_AlwaysRefresh":false,"showFog":true,"showSkybox":false,"showFlares":true,"showImageEffects":true,"showParticleSystems":true,"showVisualEffectGraphs":true,"m_FxEnabled":true},"in2DMode":false,"pivot":{"x":1.2293428182601929,"y":0.30204591155052187,"z":-0.30866554379463198},"rotation":{"x":-0.021749772131443025,"y":-0.9529147148132324,"z":0.07046262919902802,"w":-0.29413846135139468},"size":2.713167905807495,"orthographic":false}